optimizer,lr,seed,completed,num_epochs_observed,total_epochs,wallclock_s,final_val_top1,best_val_top1,last3_val_top1,final_val_loss,best_val_loss,sweep_dir,log_path
muon,0.005,42,1,24,24,90.800,92.7600,92.7900,92.7600,0.2356,0.2356,20260421_015610,/nfs/home/svu/e0572481/OrScale/sweeps/cifar10_sweeps/20260421_015610/name=muon_lr=0.005_seed=42.log
muon,0.005,43,1,24,24,90.700,92.8700,92.9200,92.8967,0.2369,0.2359,20260421_015610,/nfs/home/svu/e0572481/OrScale/sweeps/cifar10_sweeps/20260421_015610/name=muon_lr=0.005_seed=43.log
muon,0.005,44,1,24,24,111.900,92.7300,92.7300,92.7100,0.2330,0.2330,20260421_015610,/nfs/home/svu/e0572481/OrScale/sweeps/cifar10_sweeps/20260421_015610/name=muon_lr=0.005_seed=44.log
muon,0.01,42,1,24,24,111.900,93.5200,93.6200,93.5467,0.2125,0.2124,20260421_015610,/nfs/home/svu/e0572481/OrScale/sweeps/cifar10_sweeps/20260421_015610/name=muon_lr=0.01_seed=42.log
muon,0.01,43,1,24,24,110.400,93.2900,93.3000,93.2900,0.2234,0.2234,20260421_015610,/nfs/home/svu/e0572481/OrScale/sweeps/cifar10_sweeps/20260421_015610/name=muon_lr=0.01_seed=43.log
muon,0.01,44,1,24,24,110.200,93.5300,93.5400,93.4967,0.2173,0.2173,20260421_015610,/nfs/home/svu/e0572481/OrScale/sweeps/cifar10_sweeps/20260421_015610/name=muon_lr=0.01_seed=44.log
muon,0.02,42,1,24,24,111.600,93.7800,93.8200,93.7867,0.2072,0.2070,20260421_015610,/nfs/home/svu/e0572481/OrScale/sweeps/cifar10_sweeps/20260421_015610/name=muon_lr=0.02_seed=42.log
muon,0.02,43,1,24,24,111.600,93.7400,93.7600,93.7367,0.2120,0.2117,20260421_015610,/nfs/home/svu/e0572481/OrScale/sweeps/cifar10_sweeps/20260421_015610/name=muon_lr=0.02_seed=43.log
muon,0.02,44,1,24,24,91.900,93.4600,93.4900,93.4767,0.2152,0.2152,20260421_015610,/nfs/home/svu/e0572481/OrScale/sweeps/cifar10_sweeps/20260421_015610/name=muon_lr=0.02_seed=44.log
muon,0.04,42,1,24,24,93.200,93.6500,93.6500,93.6033,0.2154,0.2154,20260421_015610,/nfs/home/svu/e0572481/OrScale/sweeps/cifar10_sweeps/20260421_015610/name=muon_lr=0.04_seed=42.log
muon,0.04,43,1,24,24,113.800,93.6800,93.6800,93.6333,0.2128,0.2128,20260421_015610,/nfs/home/svu/e0572481/OrScale/sweeps/cifar10_sweeps/20260421_015610/name=muon_lr=0.04_seed=43.log
muon,0.04,44,1,24,24,112.300,93.9200,93.9200,93.8533,0.2100,0.2099,20260421_015610,/nfs/home/svu/e0572481/OrScale/sweeps/cifar10_sweeps/20260421_015610/name=muon_lr=0.04_seed=44.log
muon_moonlight,0.005,42,1,24,24,91.900,93.6900,93.6900,93.6533,0.2107,0.2107,20260421_020803,/nfs/home/svu/e0572481/OrScale/sweeps/cifar10_sweeps/20260421_020803/name=muon_moonlight_lr=0.005_seed=42.log
muon_moonlight,0.005,43,1,24,24,92.900,93.5600,93.5700,93.5333,0.2105,0.2105,20260421_020803,/nfs/home/svu/e0572481/OrScale/sweeps/cifar10_sweeps/20260421_020803/name=muon_moonlight_lr=0.005_seed=43.log
muon_moonlight,0.005,44,1,24,24,111.600,93.6800,93.6800,93.6333,0.2131,0.2131,20260421_020803,/nfs/home/svu/e0572481/OrScale/sweeps/cifar10_sweeps/20260421_020803/name=muon_moonlight_lr=0.005_seed=44.log
muon_moonlight,0.01,42,1,24,24,111.600,93.5600,93.6000,93.5733,0.2128,0.2128,20260421_020803,/nfs/home/svu/e0572481/OrScale/sweeps/cifar10_sweeps/20260421_020803/name=muon_moonlight_lr=0.01_seed=42.log
muon_moonlight,0.01,43,1,24,24,112.600,93.7500,93.8000,93.7700,0.2072,0.2072,20260421_020803,/nfs/home/svu/e0572481/OrScale/sweeps/cifar10_sweeps/20260421_020803/name=muon_moonlight_lr=0.01_seed=43.log
muon_moonlight,0.01,44,1,24,24,112.600,93.9300,93.9300,93.9133,0.2058,0.2058,20260421_020803,/nfs/home/svu/e0572481/OrScale/sweeps/cifar10_sweeps/20260421_020803/name=muon_moonlight_lr=0.01_seed=44.log
muon_moonlight,0.02,42,1,24,24,92.300,93.7400,93.7800,93.7400,0.2108,0.2108,20260421_020803,/nfs/home/svu/e0572481/OrScale/sweeps/cifar10_sweeps/20260421_020803/name=muon_moonlight_lr=0.02_seed=42.log
muon_moonlight,0.02,43,1,24,24,91.300,93.1800,93.2400,93.2200,0.2208,0.2208,20260421_020803,/nfs/home/svu/e0572481/OrScale/sweeps/cifar10_sweeps/20260421_020803/name=muon_moonlight_lr=0.02_seed=43.log
muon_moonlight,0.02,44,1,24,24,112.400,93.5600,93.6200,93.5300,0.2085,0.2083,20260421_020803,/nfs/home/svu/e0572481/OrScale/sweeps/cifar10_sweeps/20260421_020803/name=muon_moonlight_lr=0.02_seed=44.log
muon_moonlight,0.04,42,1,24,24,112.300,93.8000,93.8200,93.7900,0.2095,0.2085,20260421_020803,/nfs/home/svu/e0572481/OrScale/sweeps/cifar10_sweeps/20260421_020803/name=muon_moonlight_lr=0.04_seed=42.log
muon_moonlight,0.04,43,1,24,24,91.500,93.9900,93.9900,93.9800,0.2033,0.2033,20260421_020803,/nfs/home/svu/e0572481/OrScale/sweeps/cifar10_sweeps/20260421_020803/name=muon_moonlight_lr=0.04_seed=43.log
muon_moonlight,0.04,44,1,24,24,91.800,93.4600,93.4600,93.4200,0.2211,0.2205,20260421_020803,/nfs/home/svu/e0572481/OrScale/sweeps/cifar10_sweeps/20260421_020803/name=muon_moonlight_lr=0.04_seed=44.log
orscale_muon,0.005,42,1,24,24,92.200,92.0100,92.0700,91.9933,0.2538,0.2534,20260421_021945,/nfs/home/svu/e0572481/OrScale/sweeps/cifar10_sweeps/20260421_021945/name=orscale_muon_lr=0.005_seed=42.log
orscale_muon,0.005,43,1,24,24,92.000,92.1000,92.2600,92.1567,0.2509,0.2506,20260421_021945,/nfs/home/svu/e0572481/OrScale/sweeps/cifar10_sweeps/20260421_021945/name=orscale_muon_lr=0.005_seed=43.log
orscale_muon,0.005,44,1,24,24,90.800,92.6300,92.6300,92.5833,0.2465,0.2465,20260421_021945,/nfs/home/svu/e0572481/OrScale/sweeps/cifar10_sweeps/20260421_021945/name=orscale_muon_lr=0.005_seed=44.log
orscale_muon,0.01,42,1,24,24,90.400,93.6000,93.6300,93.6033,0.2044,0.2041,20260421_021945,/nfs/home/svu/e0572481/OrScale/sweeps/cifar10_sweeps/20260421_021945/name=orscale_muon_lr=0.01_seed=42.log
orscale_muon,0.01,43,1,24,24,91.400,93.6300,93.6300,93.6067,0.2081,0.2081,20260421_021945,/nfs/home/svu/e0572481/OrScale/sweeps/cifar10_sweeps/20260421_021945/name=orscale_muon_lr=0.01_seed=43.log
orscale_muon,0.01,44,1,24,24,91.500,93.5800,93.5800,93.5533,0.2045,0.2045,20260421_021945,/nfs/home/svu/e0572481/OrScale/sweeps/cifar10_sweeps/20260421_021945/name=orscale_muon_lr=0.01_seed=44.log
orscale_muon,0.02,42,1,24,24,91.300,94.1500,94.1500,94.0433,0.1906,0.1906,20260421_021945,/nfs/home/svu/e0572481/OrScale/sweeps/cifar10_sweeps/20260421_021945/name=orscale_muon_lr=0.02_seed=42.log
orscale_muon,0.02,43,1,24,24,90.900,93.9600,94.0300,93.9800,0.1956,0.1956,20260421_021945,/nfs/home/svu/e0572481/OrScale/sweeps/cifar10_sweeps/20260421_021945/name=orscale_muon_lr=0.02_seed=43.log
orscale_muon,0.02,44,1,24,24,121.800,94.2000,94.2000,94.1667,0.1881,0.1881,20260421_021945,/nfs/home/svu/e0572481/OrScale/sweeps/cifar10_sweeps/20260421_021945/name=orscale_muon_lr=0.02_seed=44.log
orscale_muon,0.04,42,1,24,24,121.700,94.0100,94.0200,94.0100,0.2041,0.2041,20260421_021945,/nfs/home/svu/e0572481/OrScale/sweeps/cifar10_sweeps/20260421_021945/name=orscale_muon_lr=0.04_seed=42.log
orscale_muon,0.04,43,1,24,24,123.000,93.9000,93.9000,93.8733,0.2053,0.2053,20260421_021945,/nfs/home/svu/e0572481/OrScale/sweeps/cifar10_sweeps/20260421_021945/name=orscale_muon_lr=0.04_seed=43.log
orscale_muon,0.04,44,1,24,24,123.000,93.9100,93.9600,93.9167,0.2019,0.2019,20260421_021945,/nfs/home/svu/e0572481/OrScale/sweeps/cifar10_sweeps/20260421_021945/name=orscale_muon_lr=0.04_seed=44.log
orscale_muon_wd,0.005,42,1,24,24,91.700,92.3600,92.3900,92.3467,0.2497,0.2497,20260421_023125,/nfs/home/svu/e0572481/OrScale/sweeps/cifar10_sweeps/20260421_023125/name=orscale_muon_wd_lr=0.005_seed=42.log
orscale_muon_wd,0.005,43,1,24,24,91.400,92.1900,92.2800,92.1800,0.2555,0.2552,20260421_023125,/nfs/home/svu/e0572481/OrScale/sweeps/cifar10_sweeps/20260421_023125/name=orscale_muon_wd_lr=0.005_seed=43.log
orscale_muon_wd,0.005,44,1,24,24,112.800,92.3900,92.4900,92.4000,0.2517,0.2517,20260421_023125,/nfs/home/svu/e0572481/OrScale/sweeps/cifar10_sweeps/20260421_023125/name=orscale_muon_wd_lr=0.005_seed=44.log
orscale_muon_wd,0.01,42,1,24,24,112.900,93.7800,93.7800,93.7267,0.2027,0.2027,20260421_023125,/nfs/home/svu/e0572481/OrScale/sweeps/cifar10_sweeps/20260421_023125/name=orscale_muon_wd_lr=0.01_seed=42.log
orscale_muon_wd,0.01,43,1,24,24,121.300,93.3400,93.3400,93.2933,0.2169,0.2169,20260421_023125,/nfs/home/svu/e0572481/OrScale/sweeps/cifar10_sweeps/20260421_023125/name=orscale_muon_wd_lr=0.01_seed=43.log
orscale_muon_wd,0.01,44,1,24,24,120.400,93.6900,93.6900,93.6333,0.2042,0.2042,20260421_023125,/nfs/home/svu/e0572481/OrScale/sweeps/cifar10_sweeps/20260421_023125/name=orscale_muon_wd_lr=0.01_seed=44.log
orscale_muon_wd,0.02,42,1,24,24,122.900,93.9600,93.9800,93.9567,0.1946,0.1946,20260421_023125,/nfs/home/svu/e0572481/OrScale/sweeps/cifar10_sweeps/20260421_023125/name=orscale_muon_wd_lr=0.02_seed=42.log
orscale_muon_wd,0.02,43,1,24,24,122.800,94.1100,94.1100,94.0967,0.1901,0.1901,20260421_023125,/nfs/home/svu/e0572481/OrScale/sweeps/cifar10_sweeps/20260421_023125/name=orscale_muon_wd_lr=0.02_seed=43.log
orscale_muon_wd,0.02,44,1,24,24,92.200,94.1600,94.1600,94.1100,0.1924,0.1924,20260421_023125,/nfs/home/svu/e0572481/OrScale/sweeps/cifar10_sweeps/20260421_023125/name=orscale_muon_wd_lr=0.02_seed=44.log
orscale_muon_wd,0.04,42,1,24,24,93.400,93.9900,93.9900,93.9700,0.1958,0.1951,20260421_023125,/nfs/home/svu/e0572481/OrScale/sweeps/cifar10_sweeps/20260421_023125/name=orscale_muon_wd_lr=0.04_seed=42.log
orscale_muon_wd,0.04,43,1,24,24,121.000,93.8500,93.8500,93.8333,0.1958,0.1958,20260421_023125,/nfs/home/svu/e0572481/OrScale/sweeps/cifar10_sweeps/20260421_023125/name=orscale_muon_wd_lr=0.04_seed=43.log
orscale_muon_wd,0.04,44,1,24,24,119.700,93.6700,93.7200,93.6400,0.2031,0.2031,20260421_023125,/nfs/home/svu/e0572481/OrScale/sweeps/cifar10_sweeps/20260421_023125/name=orscale_muon_wd_lr=0.04_seed=44.log
orscale_muon_moonlight,0.005,42,1,24,24,91.800,92.5900,92.5900,92.5333,0.2413,0.2409,20260421_024353,/nfs/home/svu/e0572481/OrScale/sweeps/cifar10_sweeps/20260421_024353/name=orscale_muon_moonlight_lr=0.005_seed=42.log
orscale_muon_moonlight,0.005,43,1,24,24,93.000,92.5300,92.7100,92.5900,0.2455,0.2455,20260421_024353,/nfs/home/svu/e0572481/OrScale/sweeps/cifar10_sweeps/20260421_024353/name=orscale_muon_moonlight_lr=0.005_seed=43.log
orscale_muon_moonlight,0.005,44,1,24,24,121.600,92.6300,92.6800,92.6133,0.2495,0.2495,20260421_024353,/nfs/home/svu/e0572481/OrScale/sweeps/cifar10_sweeps/20260421_024353/name=orscale_muon_moonlight_lr=0.005_seed=44.log
orscale_muon_moonlight,0.01,42,1,24,24,120.800,93.5400,93.5500,93.5433,0.2079,0.2079,20260421_024353,/nfs/home/svu/e0572481/OrScale/sweeps/cifar10_sweeps/20260421_024353/name=orscale_muon_moonlight_lr=0.01_seed=42.log
orscale_muon_moonlight,0.01,43,1,24,24,90.800,93.4300,93.4400,93.4367,0.2133,0.2133,20260421_024353,/nfs/home/svu/e0572481/OrScale/sweeps/cifar10_sweeps/20260421_024353/name=orscale_muon_moonlight_lr=0.01_seed=43.log
orscale_muon_moonlight,0.01,44,1,24,24,92.700,93.5700,93.5700,93.5467,0.2128,0.2128,20260421_024353,/nfs/home/svu/e0572481/OrScale/sweeps/cifar10_sweeps/20260421_024353/name=orscale_muon_moonlight_lr=0.01_seed=44.log
orscale_muon_moonlight,0.02,42,1,24,24,121.400,94.1800,94.2500,94.1700,0.1792,0.1792,20260421_024353,/nfs/home/svu/e0572481/OrScale/sweeps/cifar10_sweeps/20260421_024353/name=orscale_muon_moonlight_lr=0.02_seed=42.log
orscale_muon_moonlight,0.02,43,1,24,24,120.300,93.8600,94.0200,93.9300,0.1804,0.1804,20260421_024353,/nfs/home/svu/e0572481/OrScale/sweeps/cifar10_sweeps/20260421_024353/name=orscale_muon_moonlight_lr=0.02_seed=43.log
orscale_muon_moonlight,0.02,44,1,24,24,91.400,94.0900,94.0900,94.0600,0.1840,0.1840,20260421_024353,/nfs/home/svu/e0572481/OrScale/sweeps/cifar10_sweeps/20260421_024353/name=orscale_muon_moonlight_lr=0.02_seed=44.log
orscale_muon_moonlight,0.04,42,1,24,24,90.700,93.7400,93.8400,93.6733,0.1986,0.1984,20260421_024353,/nfs/home/svu/e0572481/OrScale/sweeps/cifar10_sweeps/20260421_024353/name=orscale_muon_moonlight_lr=0.04_seed=42.log
orscale_muon_moonlight,0.04,43,1,24,24,120.200,93.8400,93.8400,93.8200,0.1976,0.1976,20260421_024353,/nfs/home/svu/e0572481/OrScale/sweeps/cifar10_sweeps/20260421_024353/name=orscale_muon_moonlight_lr=0.04_seed=43.log
orscale_muon_moonlight,0.04,44,1,24,24,119.200,94.0000,94.0000,93.9200,0.1978,0.1978,20260421_024353,/nfs/home/svu/e0572481/OrScale/sweeps/cifar10_sweeps/20260421_024353/name=orscale_muon_moonlight_lr=0.04_seed=44.log
mutrust,0.005,42,1,24,24,90.800,94.0000,94.0000,93.9767,0.2037,0.2037,20260421_025555,/nfs/home/svu/e0572481/OrScale/sweeps/cifar10_sweeps/20260421_025555/name=mutrust_lr=0.005_seed=42.log
mutrust,0.005,43,1,24,24,92.700,93.6800,93.7000,93.6867,0.2048,0.2048,20260421_025555,/nfs/home/svu/e0572481/OrScale/sweeps/cifar10_sweeps/20260421_025555/name=mutrust_lr=0.005_seed=43.log
mutrust,0.005,44,1,24,24,118.600,93.8500,93.9000,93.8467,0.2096,0.2096,20260421_025555,/nfs/home/svu/e0572481/OrScale/sweeps/cifar10_sweeps/20260421_025555/name=mutrust_lr=0.005_seed=44.log
mutrust,0.01,42,1,24,24,117.600,93.8400,93.8400,93.8267,0.2096,0.2096,20260421_025555,/nfs/home/svu/e0572481/OrScale/sweeps/cifar10_sweeps/20260421_025555/name=mutrust_lr=0.01_seed=42.log
mutrust,0.01,43,1,24,24,90.900,93.5500,93.5700,93.5500,0.2135,0.2133,20260421_025555,/nfs/home/svu/e0572481/OrScale/sweeps/cifar10_sweeps/20260421_025555/name=mutrust_lr=0.01_seed=43.log
mutrust,0.01,44,1,24,24,92.600,93.6000,93.6700,93.5833,0.2172,0.2171,20260421_025555,/nfs/home/svu/e0572481/OrScale/sweeps/cifar10_sweeps/20260421_025555/name=mutrust_lr=0.01_seed=44.log
mutrust,0.02,42,1,24,24,123.900,93.4500,93.5300,93.4967,0.2189,0.2188,20260421_025555,/nfs/home/svu/e0572481/OrScale/sweeps/cifar10_sweeps/20260421_025555/name=mutrust_lr=0.02_seed=42.log
mutrust,0.02,43,1,24,24,124.000,93.9300,93.9300,93.8900,0.2081,0.2081,20260421_025555,/nfs/home/svu/e0572481/OrScale/sweeps/cifar10_sweeps/20260421_025555/name=mutrust_lr=0.02_seed=43.log
mutrust,0.02,44,1,24,24,120.100,93.7200,93.7400,93.7333,0.2148,0.2148,20260421_025555,/nfs/home/svu/e0572481/OrScale/sweeps/cifar10_sweeps/20260421_025555/name=mutrust_lr=0.02_seed=44.log
mutrust,0.04,42,1,24,24,119.500,93.8600,93.8600,93.8400,0.2111,0.2111,20260421_025555,/nfs/home/svu/e0572481/OrScale/sweeps/cifar10_sweeps/20260421_025555/name=mutrust_lr=0.04_seed=42.log
mutrust,0.04,43,1,24,24,92.700,93.8800,93.8800,93.8300,0.2105,0.2105,20260421_025555,/nfs/home/svu/e0572481/OrScale/sweeps/cifar10_sweeps/20260421_025555/name=mutrust_lr=0.04_seed=43.log
mutrust,0.04,44,1,24,24,92.800,93.6600,93.7200,93.6667,0.2115,0.2115,20260421_025555,/nfs/home/svu/e0572481/OrScale/sweeps/cifar10_sweeps/20260421_025555/name=mutrust_lr=0.04_seed=44.log
adamw,0.001,42,1,24,24,87.200,92.3900,92.3900,92.3500,0.2342,0.2337,20260421_030758,/nfs/home/svu/e0572481/OrScale/sweeps/cifar10_sweeps/20260421_030758/name=adamw_lr=0.001_seed=42.log
adamw,0.001,43,1,24,24,87.400,92.5900,92.6800,92.6100,0.2290,0.2290,20260421_030758,/nfs/home/svu/e0572481/OrScale/sweeps/cifar10_sweeps/20260421_030758/name=adamw_lr=0.001_seed=43.log
adamw,0.001,44,1,24,24,87.600,92.6100,92.7000,92.5867,0.2335,0.2335,20260421_030758,/nfs/home/svu/e0572481/OrScale/sweeps/cifar10_sweeps/20260421_030758/name=adamw_lr=0.001_seed=44.log
adamw,0.003,42,1,24,24,87.800,93.1900,93.1900,93.1233,0.2280,0.2278,20260421_030758,/nfs/home/svu/e0572481/OrScale/sweeps/cifar10_sweeps/20260421_030758/name=adamw_lr=0.003_seed=42.log
adamw,0.003,43,1,24,24,88.400,93.0800,93.1100,93.1000,0.2311,0.2293,20260421_030758,/nfs/home/svu/e0572481/OrScale/sweeps/cifar10_sweeps/20260421_030758/name=adamw_lr=0.003_seed=43.log
adamw,0.003,44,1,24,24,87.900,93.0300,93.0300,92.9300,0.2302,0.2302,20260421_030758,/nfs/home/svu/e0572481/OrScale/sweeps/cifar10_sweeps/20260421_030758/name=adamw_lr=0.003_seed=44.log
adamw,0.01,42,1,24,24,88.800,93.0900,93.1200,93.0867,0.2440,0.2430,20260421_030758,/nfs/home/svu/e0572481/OrScale/sweeps/cifar10_sweeps/20260421_030758/name=adamw_lr=0.01_seed=42.log
adamw,0.01,43,1,24,24,89.100,93.1300,93.1300,93.1100,0.2541,0.2525,20260421_030758,/nfs/home/svu/e0572481/OrScale/sweeps/cifar10_sweeps/20260421_030758/name=adamw_lr=0.01_seed=43.log
adamw,0.01,44,1,24,24,88.600,93.1600,93.1900,93.1667,0.2454,0.2442,20260421_030758,/nfs/home/svu/e0572481/OrScale/sweeps/cifar10_sweeps/20260421_030758/name=adamw_lr=0.01_seed=44.log
lamb,0.001,42,1,24,24,87.500,85.4900,85.4900,85.4533,0.4241,0.4236,20260421_031626,/nfs/home/svu/e0572481/OrScale/sweeps/cifar10_sweeps/20260421_031626/name=lamb_lr=0.001_seed=42.log
lamb,0.001,43,1,24,24,88.900,85.5700,85.5700,85.5367,0.4182,0.4176,20260421_031626,/nfs/home/svu/e0572481/OrScale/sweeps/cifar10_sweeps/20260421_031626/name=lamb_lr=0.001_seed=43.log
lamb,0.001,44,1,24,24,124.200,85.6800,85.6900,85.6867,0.4214,0.4214,20260421_031626,/nfs/home/svu/e0572481/OrScale/sweeps/cifar10_sweeps/20260421_031626/name=lamb_lr=0.001_seed=44.log
lamb,0.003,42,1,24,24,124.100,90.2900,90.3900,90.3167,0.3001,0.3001,20260421_031626,/nfs/home/svu/e0572481/OrScale/sweeps/cifar10_sweeps/20260421_031626/name=lamb_lr=0.003_seed=42.log
lamb,0.003,43,1,24,24,122.300,90.6200,90.6900,90.6433,0.2872,0.2872,20260421_031626,/nfs/home/svu/e0572481/OrScale/sweeps/cifar10_sweeps/20260421_031626/name=lamb_lr=0.003_seed=43.log
lamb,0.003,44,1,24,24,122.200,90.8300,90.8400,90.7533,0.2895,0.2893,20260421_031626,/nfs/home/svu/e0572481/OrScale/sweeps/cifar10_sweeps/20260421_031626/name=lamb_lr=0.003_seed=44.log
lamb,0.01,42,1,24,24,121.500,92.3500,92.3500,92.3000,0.2423,0.2420,20260421_031626,/nfs/home/svu/e0572481/OrScale/sweeps/cifar10_sweeps/20260421_031626/name=lamb_lr=0.01_seed=42.log
lamb,0.01,43,1,24,24,121.900,92.7200,92.7200,92.6300,0.2391,0.2391,20260421_031626,/nfs/home/svu/e0572481/OrScale/sweeps/cifar10_sweeps/20260421_031626/name=lamb_lr=0.01_seed=43.log
lamb,0.01,44,1,24,24,87.600,92.3200,92.3400,92.2800,0.2416,0.2409,20260421_031626,/nfs/home/svu/e0572481/OrScale/sweeps/cifar10_sweeps/20260421_031626/name=lamb_lr=0.01_seed=44.log
